,Epoch,Loss,Dice,Precision,Recall,IoU
0,0,2.1555778980255127,0.9194876551628113,0.924974262714386,0.9140657186508179,0.8509737849235535
1,100,0.08272552490234375,0.924909234046936,0.9303258657455444,0.9195553064346313,0.8603081107139587
2,200,0.03648915886878967,0.925103485584259,0.9304925203323364,0.9197765588760376,0.8606441617012024
3,300,1.2475413084030151,0.9252392649650574,0.9306200742721558,0.9199204444885254,0.8608793616294861
4,400,2.3101820945739746,0.9253594279289246,0.9307294487953186,0.9200510382652283,0.861087441444397
