,Loss,Dice,Precision,Recall,IoU
0,0.3884390890598297,0.5626228451728821,0.7223573923110962,0.4607396721839905,0.3914232552051544
