,Epoch,Loss,Dice,Precision,Recall,IoU
0,0,0.2936509847640991,0.6843647956848145,0.7391610145568848,0.6371323466300964,0.5201782584190369
1,100,0.03929929435253143,0.8774530291557312,0.8918060064315796,0.8635545969009399,0.7816625833511353
2,200,0.02458065003156662,0.8949824571609497,0.9058499336242676,0.8843725323677063,0.8099259734153748
3,300,0.03416042402386665,0.9027552604675293,0.9121600389480591,0.8935423493385315,0.8227472901344299
4,400,0.24823805689811707,0.9072951674461365,0.9158648252487183,0.8988844752311707,0.8303205370903015
