,Loss,Dice,Precision,Recall,IoU
0,0.23731137812137604,0.7946293950080872,0.7589894533157349,0.8337813019752502,0.65924072265625
