,Epoch,Loss,Dice,Precision,Recall,IoU
0,0,0.8525763154029846,0.9176332354545593,0.9220498204231262,0.9132586717605591,0.847802460193634
1,100,0.06236366555094719,0.9223692417144775,0.928168535232544,0.9166420102119446,0.8559232950210571
2,200,0.035740431398153305,0.9228699803352356,0.9285948872566223,0.9172152876853943,0.8567860126495361
3,300,0.030459517613053322,0.9232668280601501,0.9289366006851196,0.9176658987998962,0.8574705123901367
4,400,0.588837742805481,0.9235844016075134,0.9292115569114685,0.9180248975753784,0.8580183386802673
