;Epoch;Loss;Dice;Precision;Recall;IoU
0;0;0.8525763154029846;0.9176332354545593;0.9220498204231262;0.9132586717605591;0.847802460193634
1;100;0.06236366555094719;0.9223692417144775;0.928168535232544;0.9166420102119446;0.8559232950210571
2;200;0.035740431398153305;0.9228699803352356;0.9285948872566223;0.9172152876853943;0.8567860126495361
3;300;0.030459517613053322;0.9232668280601501;0.9289366006851196;0.9176658987998962;0.8574705123901367
4;400;0.588837742805481;0.9235844016075134;0.9292115569114685;0.9180248975753784;0.8580183386802673
5;500;0.08272552490234375;0.924909234046936;0.9303258657455444;0.9195553064346313;0.8603081107139587
6;600;0.03648915886878967;0.925103485584259;0.9304925203323364;0.9197765588760376;0.8606441617012024
7;700;1.2475413084030100;0.9252392649650574;0.9306200742721558;0.9199204444885254;0.8608793616294861
8;800;2.3101820945739700;0.9253594279289246;0.9307294487953186;0.9200510382652283;0.861087441444397