,Epoch,Loss,Dice,Precision,Recall,IoU
0,0,0.5219378471374512,0.11427398025989532,0.1277972012758255,0.2549331784248352,0.0930449441075325
