,Epoch,BCELoss,Dice,Precision,Recall
0,0,0.06699825823307037,0.9122259020805359,0.9356681108474731,0.8899295926094055
