,Epoch,Loss,Dice,Precision,Recall,IoU
0,0,1.0488213300704956,0.16496816277503967,0.108598493039608,0.44221341609954834,0.09551479667425156
1,100,0.9496950507164001,0.18081116676330566,0.12022857367992401,0.5001769661903381,0.10733318328857422
2,200,0.7135167121887207,0.19304761290550232,0.12168648093938828,0.5893219709396362,0.11217421293258667
3,300,0.8695619702339172,0.18691959977149963,0.12363718450069427,0.5069510340690613,0.11036603152751923
