,Epoch,Loss,Dice,Precision,Recall,IoU
0,0,0.2575632333755493,0.7245674133300781,0.690213143825531,0.7562302947044373,0.5645964741706848
1,100,0.19615298509597778,0.9115954637527466,0.9093003869056702,0.9137991070747375,0.8374654650688171
2,200,0.20177459716796875,0.9247055053710938,0.9219757318496704,0.9273968935012817,0.8599086403846741
3,300,0.21719223260879517,0.9304524660110474,0.9272169470787048,0.9336731433868408,0.8699172139167786
4,400,0.14599841833114624,0.9338815808296204,0.9302175641059875,0.9375460147857666,0.8759393095970154
