,Loss,Dice,Precision,Recall,IoU
0,0.1671857237815857,0.8077543377876282,0.8412047624588013,0.7768795490264893,0.6775196194648743
