,Loss,Dice,Precision,Recall,IoU
0,0.9137106537818909,0.14364176988601685,0.10119423270225525,0.46531978249549866,0.09065323323011398
