,Loss,Dice,Precision,Recall,IoU
0,1.141866683959961,0.0020344562362879515,0.1609916388988495,0.9951441884040833,0.16086527705192566
